,year,final_draw_position,country,artist_name,song_name,language,style,gender,main_singers,key,BPM,energy,danceability,happiness,loudness,acousticness,instrumentalness,liveness,speechiness,backing_dancers,backing_singers,backing_instruments,instrument_10,final_televote_points,final_jury_points,final_televote_votes,final_jury_votes,final_place,final_total_points,favourite_10,race,host_10
2,2022,14,Lithuania,Monika Liu,sentimentai,Lithuanian,Ballad,Female,1,C Major,93,56,68,50,-8,9,0,31,3,0,0,0,0,93.0,35.0,21.0,10.0,14.0,128.0,0,white,0
3,2022,5,Switzerland,Marius Bear,boys_do_cry,English,Ballad,Male,1,F Major,116,18,42,39,-11,87,0,11,4,0,0,0,0,0.0,78.0,0.0,21.0,17.0,78.0,0,white,0
5,2022,12,Ukraine,Kalush Orchestra,stefania,Ukrainian,Traditional,Male,1,D Major,105,82,83,32,-5,14,0,12,4,1,2,2,0,439.0,192.0,39.0,26.0,1.0,631.0,1,white,0
7,2022,11,Netherlands,S10,de_diepte,Dutch,Ballad,Female,1,D Minor,87,48,32,15,-6,39,0,14,3,0,0,0,0,42.0,129.0,12.0,25.0,11.0,171.0,0,white,0
8,2022,19,Moldova,Zdob si Zdub and Advahov Brothers,trenuletul,"Romanian, English",Traditional,Male,1,C Major,142,88,70,96,-3,41,0,32,14,0,0,5,0,239.0,14.0,35.0,4.0,7.0,253.0,0,white,0
9,2022,3,Portugal,Maro,"saudade,_saudade","English, Portuguese",Ballad,Female,6,Bb Minor,83,34,64,38,-11,68,0,11,4,0,0,0,0,36.0,171.0,9.0,29.0,9.0,207.0,0,white,0
13,2022,18,Iceland,Systur,meo_aekkandi_sol,Icelandic,Traditional,Female,3,D Minor,100,52,58,35,-12,58,4,7,3,0,0,1,1,10.0,10.0,2.0,4.0,23.0,20.0,0,white,0
14,2022,17,Greece,Amanda Georgiadi Tenfjord,die_together,English,Ballad,Female,1,F Major,150,37,48,20,-8,12,0,13,7,0,0,0,0,57.0,158.0,9.0,26.0,8.0,215.0,0,white,0
15,2022,7,Norway,Subwoolfer,give_that_wolf_a_banana,English,Pop,Male,2,G Minor,124,53,74,55,-10,20,0,9,4,4,0,0,0,146.0,36.0,32.0,10.0,10.0,182.0,0,unknown,0
16,2022,8,Armenia,Rosa Linn,snap,English,Ballad,Female,1,C Major,170,64,56,53,-8,11,0,45,6,0,0,0,1,21.0,40.0,4.0,10.0,20.0,61.0,0,white,0
17,2022,4,Finland,The Rasmus,jezebel,English,Rock,Male,1,B Minor,116,87,50,49,-4,0,0,8,4,0,0,3,0,26.0,12.0,8.0,3.0,21.0,38.0,0,white,0
19,2022,24,Serbia,Konstrakta,in_corpore_sano,"Serbian, Latin",Traditional,Female,1,C Major,136,71,92,63,-7,1,0,17,8,5,0,0,0,225.0,87.0,34.0,15.0,5.0,312.0,0,white,0
20,2022,15,Azerbaijan,Nadir Rustamli,fade_to_black,English,Ballad,Male,1,A Minor,79,30,34,30,-10,19,0,14,6,1,0,0,0,3.0,103.0,1.0,19.0,16.0,106.0,0,middle eastern,0
24,2022,21,Australia,Sheldon Riley,not_the_same,English,Ballad,Male,1,Bb Minor,128,43,36,38,-10,66,0,14,4,0,0,0,0,2.0,123.0,1.0,23.0,15.0,125.0,0,white,0
28,2022,25,Estonia,Stefan,hope,English,Pop,Male,1,Bb Minor,123,78,52,55,-5,19,0,10,4,0,0,0,1,98.0,43.0,19.0,8.0,13.0,141.0,0,white,0
29,2022,2,Romania,WRS,llamame,"English, Spanish",Pop,Male,1,F Minor,120,76,76,66,-6,6,0,15,13,4,0,0,0,53.0,12.0,12.0,3.0,18.0,65.0,0,white,0
30,2022,23,Poland,Ochman,river,English,Ballad,Male,1,Ab Major,140,67,51,33,-5,56,0,12,4,4,0,0,0,105.0,46.0,22.0,9.0,12.0,151.0,0,white,0
32,2022,16,Belgium,Jeremie Makiese,miss_you,English,Pop,Male,1,Fs Minor,144,53,63,28,-6,24,0,13,5,4,0,0,0,5.0,59.0,2.0,13.0,19.0,64.0,0,black,0
33,2022,20,Sweden,Cornelia Jakobs,hold_me_closer,English,Ballad,Female,1,Fs Major,97,62,49,17,-8,11,0,14,4,0,0,0,0,180.0,258.0,33.0,33.0,4.0,438.0,0,unknown,0
34,2022,1,Czech Republic,We Are Domi,lights_off,English,Dance,Female,1,A Minor,126,79,59,52,-6,15,0,21,11,0,0,2,0,5.0,33.0,1.0,11.0,22.0,38.0,0,white,0
35,2022,9,Italy,Mahmood and Blanco,brividi,Italian,Ballad,Male,2,G Major,123,61,52,34,-4,45,0,25,3,0,0,1,0,110.0,158.0,23.0,26.0,6.0,268.0,0,white,1
36,2022,10,Spain,Chanel,slomo,"Spanish, English",Pop,Female,1,Cs Minor,105,81,73,59,-3,13,0,9,6,5,0,0,0,228.0,231.0,38.0,34.0,3.0,459.0,0,white,0
37,2022,13,Germany,Malik Harris,rockstars,English,Ballad,Male,1,G Major,81,64,65,52,-6,45,0,38,23,0,0,0,1,6.0,0.0,3.0,0.0,25.0,6.0,0,white,0
38,2022,22,United Kingdom,Sam Ryder,space_man,English,Pop,Male,1,B Major,80,83,47,33,-2,18,0,10,5,0,0,2,1,183.0,283.0,34.0,35.0,2.0,466.0,0,white,0
39,2022,6,France,Alvan and Ahez,fulenn,Breton,Traditional,Mix,4,Fs Major,120,84,74,48,-7,1,0,24,12,1,0,0,1,8.0,9.0,6.0,3.0,24.0,17.0,0,white,0
40,2021,18,Lithuania,The Roop,discoteque,English,Dance,Male,1,F Major,115,80,83,63,-6,5,0,13,6,2,2,2,0,165.0,55.0,27.0,12.0,8.0,220.0,0,white,0
42,2021,5,Russia,Manizha,russian_woman,"Russian, English",Traditional,Female,1,E Minor,102,70,89,65,-7,20,0,7,19,0,4,0,0,100.0,104.0,22.0,21.0,9.0,204.0,0,white,0
43,2021,25,Sweden,Tusse,voices,English,Pop,Male,1,Bb Minor,90,76,50,40,-5,0,0,13,4,4,0,0,0,63.0,46.0,18.0,10.0,14.0,109.0,0,black,0
47,2021,1,Cyprus,Elena Tsagrinou,el_diablo,English,Pop,Female,1,A Minor,114,66,66,62,-8,0,0,84,13,4,0,0,0,44.0,50.0,7.0,11.0,16.0,94.0,0,white,0
48,2021,22,Norway,Tix,fallen_angel,English,Pop,Male,1,Cs Major,93,65,54,28,-5,7,0,11,3,4,0,0,0,60.0,15.0,16.0,5.0,18.0,75.0,0,white,0
50,2021,4,Belgium,Hooverphonic,the_wrong_place,English,Ballad,Female,1,F Major,80,73,49,25,-4,5,0,16,4,0,1,3,0,3.0,71.0,2.0,17.0,19.0,74.0,0,white,0
51,2021,3,Israel,Eden Alene,set_me_free,English,Pop,Female,1,Cs Minor,107,66,75,47,-7,28,0,10,8,4,0,0,0,20.0,73.0,4.0,17.0,17.0,93.0,0,black,0
53,2021,21,Azerbaijan,Efendi,mata_hari,English,Pop,Female,1,E Minor,100,68,71,46,-6,1,0,26,4,4,0,0,0,33.0,32.0,12.0,9.0,20.0,65.0,0,middle eastern,0
54,2021,19,Ukraine,Go_A,shum,Ukrainian,Traditional,Female,1,E Major,118,74,53,50,-5,5,0,11,6,2,0,3,0,267.0,97.0,38.0,19.0,5.0,364.0,0,white,0
55,2021,6,Malta,Destiny,je_me_casse,English,Pop,Female,1,Ab Minor,112,87,76,78,-4,15,0,28,11,4,0,0,0,47.0,208.0,15.0,35.0,7.0,255.0,1,mixed,0
59,2021,10,Greece,Stefania,last_dance,English,Pop,Female,1,D Minor,147,91,53,39,-5,2,0,7,4,4,0,0,0,79.0,91.0,11.0,15.0,10.0,170.0,0,white,0
62,2021,14,Moldova,Natalia Gordienko,sugar,English,Pop,Female,1,B Minor,120,76,69,51,-7,0,1,13,5,4,0,0,0,62.0,53.0,11.0,6.0,13.0,115.0,0,white,0
64,2021,8,Serbia,Hurricane,loco_loco,Serbian,Pop,Female,3,C Major,105,92,65,60,-4,17,0,16,12,0,0,0,0,82.0,20.0,12.0,3.0,15.0,102.0,0,white,0
66,2021,2,Albania,Anxhela Peristeri,karma,Albanian,Ballad,Female,1,G Minor,150,63,52,19,-10,0,0,13,4,0,0,0,0,35.0,22.0,5.0,4.0,21.0,57.0,0,white,0
67,2021,7,Portugal,The Black Mamba,love_is_on_my_side,English,Traditional,Male,1,E Major,66,42,28,24,-7,34,0,20,3,0,0,4,0,27.0,126.0,6.0,22.0,12.0,153.0,0,white,0
68,2021,17,Bulgaria,Victoria,growing_up_is_getting_old,English,Ballad,Female,1,G Major,93,18,52,25,-8,69,0,9,3,0,0,0,0,30.0,140.0,5.0,26.0,11.0,170.0,0,white,0
69,2021,16,Finland,Blind Channel,dark_side,English,Rock,Male,2,G Major,98,96,57,44,-4,0,0,27,11,0,1,3,0,218.0,83.0,37.0,19.0,6.0,301.0,0,white,0
71,2021,11,Switzerland,Gjon's Tears,tout_l'univers,French,Ballad,Male,1,A Minor,123,37,52,19,-9,83,0,15,3,0,0,0,0,165.0,267.0,34.0,34.0,3.0,432.0,0,white,0
73,2021,23,Netherlands,Jeangu Macrooy,birth_of_a_new_age,"English, Sranan Tongo",Ballad,Male,1,C Minor,95,72,72,54,-5,48,0,23,6,1,2,0,0,0.0,11.0,0.0,5.0,11.0,23.0,0,black,1
74,2021,13,Spain,Blas Canto,voy_a_quedarme,Spanish,Ballad,Male,1,Eb Major,76,72,52,36,-5,21,0,8,5,0,0,0,0,0.0,6.0,0.0,2.0,24.0,6.0,0,white,0
75,2021,9,United Kingdom,James Newman,embers,English,Pop,Male,1,Fs Major,126,82,68,72,-5,0,0,11,6,0,0,4,0,0.0,0.0,0.0,0.0,26.0,0.0,0,white,0
76,2021,15,Germany,Jendrik,i_don't_feel_hate,English,Pop,Male,1,F Minor,114,84,83,75,-5,19,0,3,21,1,0,3,0,0.0,3.0,0.0,2.0,25.0,3.0,0,white,0
77,2021,20,France,Barbara Pravi,voila,French,Ballad,Female,1,D Minor,135,34,45,60,-9,77,0,30,6,0,0,0,0,251.0,248.0,38.0,33.0,2.0,499.0,0,white,0
78,2021,24,Italy,Maneskin,zitti_e_buoni,Italian,Rock,Male,1,E Minor,94,63,64,0,,0,42,7,-3 dB,0,0,3,0,318.0,206.0,38.0,28.0,1.0,524.0,0,white,0
79,2019,11,Cyprus,Tamta,replay,English,Dance,Female,1,B Minor,102,68,71,50,5,5,0,6,7,4,0,0,0,32.0,77.0,4.0,15.0,13.0,109.0,0,white,0
83,2019,10,Slovenia,Zala Kralj & Gasper santl,sebi,Slovene,Ballad,Mix,2,G Minor,108,65,78,74,7,18,2,16,4,0,0,0,1,59.0,46.0,13.0,9.0,15.0,105.0,0,white,0
84,2019,3,Czech Republic,Lake Malawi,friend_of_a_friend,English,Pop,Male,1,A Minor,106,74,70,41,5,27,0,7,6,0,0,2,0,7.0,150.0,4.0,26.0,11.0,157.0,0,white,0
86,2019,19,Belarus,ZENA,like_it,English,Dance,Female,1,G Minor,105,80,71,35,8,29,0,20,5,2,2,0,0,13.0,18.0,2.0,5.0,24.0,31.0,0,white,0
87,2019,23,Serbia,Nevena Bozovic,kruna,Serbian,Ballad,Female,1,Ab Minor,158,48,20,16,-6,21,0,13,3,0,0,0,0,54.0,35.0,7.0,8.0,18.0,89.0,0,white,0
90,2019,25,Australia,Kate Miller-Heidke,zero_gravity,English,Opera,Female,1,Fs Major,132,54,46,26,-2,57,0,41,4,2,0,0,0,131.0,153.0,30.0,24.0,9.0,284.0,0,white,0
91,2019,17,Iceland,Hatari,hatrio_mun_sigra,Icelandic,Dance,Mix,2,E Minor,110,67,57,48,-10,0,0,9,8,4,0,0,0,186.0,46.0,34.0,9.0,10.0,232.0,0,white,0
92,2019,18,Estonia,Victor Crone,storm,English,Pop,Male,1,D Major,128,59,62,29,-5,5,0,8,3,0,0,0,1,48.0,28.0,10.0,7.0,20.0,76.0,0,white,0
94,2019,13,Greece,Katerine Duska,better_love,English,Pop,Female,1,Ab Major,88,69,37,35,5,1,0,9,6,2,3,0,0,24.0,50.0,3.0,8.0,21.0,74.0,0,white,0
95,2019,7,San Marino,Serhat,say_na_na_na,English,Dance,Male,1,Db Minor,118,92,68,74,5,0,0,36,8,0,5,0,0,65.0,12.0,11.0,3.0,19.0,77.0,0,white,0
99,2019,24,Switzerland,Luca Hanni,she_got_me,English,Dance,Male,1,B Minor,97,75,66,48,6,6,0,8,5,4,0,0,0,212.0,152.0,38.0,28.0,4.0,364.0,0,white,0
102,2019,6,Denmark,Leonora,love_is_forever,"English, French",Pop,Female,1,Db Major,136,42,73,79,5,58,0,7,3,2,2,0,0,51.0,69.0,13.0,16.0,12.0,120.0,0,white,0
103,2019,9,Sweden,John Lundvik,too_late_for_love,English,Ballad,Male,1,C Major,104,75,40,42,4,20,0,7,7,0,4,0,0,93.0,241.0,17.0,32.0,5.0,334.0,0,black,0
106,2019,1,Malta,Michela,chameleon,English,Pop,Female,1,Bb Minor,98,70,71,85,4,28,0,17,7,4,0,0,0,20.0,87.0,4.0,19.0,14.0,107.0,0,white,0
108,2019,5,Russia,Sergey Lazarev,scream,English,Ballad,Male,1,Bb Major,92,52,33,26,7,9,0,8,4,0,0,0,0,244.0,126.0,30.0,24.0,3.0,370.0,0,white,0
109,2019,2,Albania,Jonida Maliqi,ktheju_tokes,Albanian,Traditional,Female,1,Db Major,117,70,57,58,6,2,0,21,5,0,3,0,0,47.0,43.0,6.0,10.0,17.0,90.0,0,white,0
110,2019,15,Norway,KEiiNO,spirit_in_the_sky,English,Dance,Mix,3,A Minor,122,75,61,36,6,14,0,11,6,0,0,0,0,291.0,40.0,37.0,9.0,6.0,331.0,0,white,0
111,2019,12,Netherlands,Duncan Laurence,arcade,English,Ballad,Male,1,A Minor,72,33,45,27,13,82,0,14,4,0,0,0,1,261.0,237.0,40.0,32.0,1.0,498.0,1,white,0
112,2019,8,North Macedonia,Tamara Todevska,proud,English,Ballad,Female,1,C Minor,92,42,36,28,6,82,0,14,3,0,0,0,0,58.0,247.0,11.0,32.0,7.0,305.0,0,white,0
113,2019,20,Azerbaijan,Chingiz,truth,English,Pop,Male,1,Ab Minor,101,62,63,73,7,5,0,10,4,0,0,0,0,100.0,202.0,26.0,33.0,8.0,302.0,0,middle eastern,0
114,2019,4,Germany,S!sters,sister,English,Ballad,Female,2,C Major,142,45,56,22,9,39,0,7,4,0,0,0,0,0.0,24.0,0.0,5.0,25.0,24.0,0,white,0
115,2019,14,Israel,Kobi Marimi,home,English,Ballad,Male,1,Ab Major,110,42,55,23,7,70,0,14,4,0,5,0,0,35.0,0.0,7.0,0.0,23.0,35.0,0,middle eastern,1
116,2019,16,United Kingdom,Michael Rice,bigger_than_us,English,Ballad,Male,1,C Major,82,55,52,57,8,1,0,9,3,0,5,0,0,3.0,8.0,1.0,5.0,26.0,11.0,0,white,0
117,2019,21,France,Bilal Hassani,roi,"French, English",Pop,Male,1,Fs Minor,140,67,55,54,7,21,0,12,4,2,0,0,0,38.0,67.0,12.0,18.0,16.0,105.0,0,mixed,0
118,2019,22,Italy,Mahmood,soldi,Italian,Pop,Male,1,Eb Minor,95,59,73,35,10,4,0,31,5,3,0,0,0,253.0,219.0,38.0,32.0,2.0,472.0,0,mixed,0
119,2019,26,Spain,Miki,la_venda,Spanish,Pop,Male,1,C Minor,148,81,62,80,5,8,0,33,6,5,0,0,0,53.0,1.0,12.0,1.0,22.0,54.0,0,white,0
122,2018,12,Albania,Eugent Bushpepa,mall,Albanian,Rock,Male,4,E Major,95,76,39,41,6,0,79,12,3,0,2,3,0,58.0,126.0,8.0,20.0,11.0,184.0,0,white,0
124,2018,14,Czech Republic,Mikolas Josef,lie_to_me,English,Pop,Male,1,Fs Minor,106,70,83,64,6,0,0,36,12,2,0,0,0,215.0,66.0,35.0,16.0,6.0,281.0,0,white,0
125,2018,4,Lithuania,Ieva Zasimauskaite,when_we're_old,English,Ballad,Female,1,Bb Major,90,19,34,4,15,87,85,16,4,0,0,0,0,91.0,90.0,11.0,17.0,12.0,181.0,0,white,0
126,2018,22,Israel,Netta,toy,English,Pop,Female,1,Eb Minor,130,71,79,80,5,7,0,24,7,3,0,0,0,317.0,212.0,39.0,34.0,1.0,529.0,1,mixed,0
128,2018,6,Estonia,Elina Nechayeva,la_forza,Italian,Opera,Female,1,D Minor,94,60,23,26,8,50,0,27,4,0,0,0,0,102.0,143.0,19.0,26.0,8.0,245.0,0,white,0
129,2018,18,Bulgaria,Equinox,bones,English,Pop,Mix,5,Fs Minor,88,57,51,43,9,2,39,11,4,0,0,0,0,66.0,100.0,15.0,18.0,14.0,166.0,0,white,0
132,2018,5,Austria,Cesar Sampson,nobody_but_you,English,Pop,Male,1,B Minor,85,51,50,43,6,9,0,36,3,0,0,0,0,71.0,271.0,18.0,34.0,3.0,342.0,0,mixed,0
134,2018,17,Finland,Saara Aalto,monsters,English,Pop,Female,1,C Minor,122,73,58,27,4,1,0,6,4,4,0,0,0,23.0,23.0,4.0,6.0,25.0,46.0,0,white,0
137,2018,24,Ireland,Ryan O'Shaughnessy,together,English,Traditional,Male,1,F Major,94,32,70,28,13,73,0,12,4,2,0,1,1,62.0,74.0,14.0,19.0,16.0,136.0,0,white,0
138,2018,25,Cyprus,Eleni Foureira,fuego,English,Pop,Female,1,B Minor,101,74,59,52,5,6,0,58,10,4,0,0,0,253.0,183.0,42.0,27.0,2.0,436.0,0,white,0
139,2018,7,Norway,Alexander Rybak,that's_how_you_write_a_song,English,Pop,Male,1,Bb Minor,104,61,74,96,10,1,0,6,5,4,0,0,1,84.0,60.0,18.0,12.0,15.0,144.0,0,white,0
141,2018,10,Serbia,Sanja Ilic & Balkanika,nova_deca,Serbian,Traditional,Mix,2,B Minor,125,87,38,30,4,8,0,30,11,1,2,1,0,75.0,38.0,9.0,6.0,19.0,113.0,0,white,0
143,2018,15,Denmark,Rasmussen,higher_ground,English,Traditional,Male,1,B Minor,82,85,47,42,5,2,0,13,4,4,0,0,0,188.0,38.0,32.0,8.0,9.0,226.0,0,white,0
145,2018,19,Moldova,DoReDoS,my_lucky_day,English,Pop,Mix,3,B Minor,122,87,74,82,5,1,0,32,7,3,0,0,0,115.0,94.0,23.0,13.0,10.0,209.0,0,white,0
146,2018,23,Netherlands,Waylon,outlaw_in_'em,English,Rock,Male,1,B Minor,87,88,58,73,6,6,0,34,5,0,0,4,1,32.0,89.0,7.0,18.0,18.0,121.0,0,white,0
147,2018,16,Australia,Jessica Mauboy,we_got_love,English,Pop,Female,1,G Major,114,82,61,30,4,0,0,23,7,0,0,0,0,9.0,90.0,3.0,17.0,20.0,99.0,0,mixed,0
151,2018,21,Hungary,AWS,viszlat_nyar,Hungarian,Rock,Male,1,Eb Minor,164,94,33,34,3,0,0,19,6,0,0,4,0,65.0,28.0,15.0,7.0,21.0,93.0,0,white,0
153,2018,20,Sweden,Benjamin Ingrosso,dance_you_off,English,Pop,Male,1,Ab Major,109,69,73,76,5,10,0,11,7,0,0,0,0,21.0,253.0,7.0,35.0,7.0,274.0,0,white,0
155,2018,3,Slovenia,Lea Sirk,"hvala,_ne!",Slovene,Pop,Female,1,Db Major,140,60,81,36,8,1,0,10,5,4,0,0,0,23.0,41.0,4.0,12.0,22.0,64.0,0,white,0
156,2018,1,Ukraine,Melovin,under_the_ladder,English,Dance,Male,1,Bb Minor,140,74,53,33,8,0,92,10,3,0,4,0,1,119.0,11.0,18.0,2.0,17.0,130.0,0,white,0
157,2018,8,Portugal,Claudia Pascoal,o_jardim,Portuguese,Pop,Female,1,Bb Major,120,31,50,10,10,84,0,28,4,0,1,0,0,18.0,21.0,2.0,5.0,26.0,39.0,0,white,1
158,2018,9,United Kingdom,SuRie,storm,English,Pop,Female,1,Bb Major,116,72,65,38,7,2,0,22,4,0,0,0,0,25.0,23.0,7.0,6.0,24.0,48.0,0,white,0
159,2018,11,Germany,Michael Schulte,you_let_me_walk_alone,English,Pop,Male,1,B Major,75,28,45,42,10,78,0,10,3,0,0,0,0,136.0,204.0,29.0,30.0,4.0,340.0,0,white,0
160,2018,13,France,Madame Monsieur,mercy,French,Pop,Female,1,E Minor,97,54,65,17,7,7,0,58,5,0,0,1,0,59.0,114.0,13.0,21.0,13.0,173.0,0,white,0
161,2018,26,Italy,Ermal Meta & Fabrizio Moro,non_mi_avete_fatto_niente,Italian,Pop,Male,2,Fs Major,90,88,57,76,5,34,0,16,5,0,0,0,0,249.0,59.0,35.0,11.0,5.0,308.0,0,white,0
162,2018,2,Spain,Amaia & Alfred,tu_cancion,Spanish,Pop,Mix,2,C Major,120,31,48,26,8,87,0,10,3,0,0,0,0,18.0,43.0,3.0,10.0,23.0,61.0,0,white,0
163,2017,24,Sweden,Robin Bengtsson,i_can't_go_on,English,Pop,Male,1,E Minor,109,67,74,46,5,3,0,14,5,4,0,0,0,126.0,218.0,35.0,33.0,5.0,344.0,0,white,0
165,2017,14,Australia,Isaiah,don't_come_easy,English,Pop,Male,1,B Minor,79,63,33,55,4,26,0,27,5,0,0,0,0,2.0,171.0,1.0,29.0,9.0,173.0,0,mixed,0
167,2017,23,Belgium,Blanche,city_lights,English,Pop,Female,1,C Minor,130,45,61,15,9,24,0,21,3,0,0,0,0,255.0,108.0,40.0,21.0,4.0,363.0,0,white,0
170,2017,12,Azerbaijan,Dihaj,skeletons,English,Pop,Female,1,Fs Minor,91,65,47,30,7,4,0,10,4,1,4,0,0,42.0,78.0,6.0,14.0,14.0,120.0,0,middle eastern,0
171,2017,11,Portugal,Salvador Sobral,amar_pelos_dois,Portuguese,Ballad,Male,1,F Major,88,10,21,17,18,85,0,26,3,0,0,0,0,376.0,382.0,41.0,39.0,1.0,758.0,0,white,0
172,2017,15,Greece,Demy,this_is_love,English,Pop,Female,1,A Minor,128,68,54,22,8,0,0,11,3,2,0,0,0,29.0,48.0,6.0,7.0,19.0,77.0,0,white,0
173,2017,2,Poland,Kasia Mos,flashlight,English,Pop,Female,1,D Major,120,68,44,19,6,6,0,37,5,0,0,1,0,41.0,23.0,11.0,7.0,22.0,64.0,0,white,0
174,2017,7,Moldova,Sunstroke Project,"hey,_mamma!",English,Dance,Male,1,Bb Minor,110,81,83,64,6,24,1,7,11,0,3,2,0,264.0,110.0,38.0,19.0,3.0,374.0,0,white,0
177,2017,19,Cyprus,Hovig,gravity,English,Pop,Male,1,Bb Minor,75,73,59,72,7,4,0,11,9,2,0,0,0,32.0,36.0,6.0,7.0,21.0,68.0,0,white,0
178,2017,5,Armenia,Artsvik,fly_with_me,English,Pop,Female,1,E Minor,90,80,58,33,5,79,6,8,15,2,0,0,0,21.0,58.0,5.0,16.0,18.0,79.0,0,middle eastern,0
182,2017,4,Austria,Nathan Trent,running_on_air,English,Pop,Male,1,A Major,90,54,71,54,5,11,0,23,3,0,4,0,0,0.0,93.0,0.0,24.0,16.0,93.0,0,unknown,0
185,2017,20,Romania,Ilinca ft. Alex Florea,yodel_it!,English,Pop,Mix,2,Bb Major,174,91,45,77,5,1,0,12,15,0,1,0,0,224.0,58.0,38.0,11.0,7.0,282.0,0,unknown,0
186,2017,6,Netherlands,O'G3NE,lights_and_shadows,English,Pop,Female,3,Fs Major,128,73,41,51,5,22,0,14,8,0,0,0,0,15.0,135.0,5.0,25.0,11.0,150.0,0,unknown,0
187,2017,8,Hungary,Joci Papai,origo,Hungarian,Traditional,Male,1,A Minor,108,73,55,45,6,58,0,48,22,1,0,0,0,152.0,48.0,33.0,10.0,8.0,200.0,0,unknown,0
188,2017,10,Denmark,Anja,where_i_am,English,Pop,Female,1,Bb Minor,91,75,40,65,5,4,0,49,13,0,0,0,0,8.0,69.0,1.0,14.0,20.0,77.0,0,unknown,0
191,2017,13,Croatia,Jacques Houdek,my_friend,"English, Italian",Opera,Male,1,C Major,138,65,42,30,6,21,0,17,5,0,3,2,0,103.0,25.0,21.0,6.0,13.0,128.0,0,unknown,0
192,2017,17,Norway,JOWST,grab_the_moment,English,Pop,Male,1,E Minor,104,61,69,32,7,12,0,9,9,0,0,3,0,29.0,129.0,8.0,24.0,10.0,158.0,0,unknown,0
194,2017,3,Belarus,Naviband,story_of_my_life,Belarusian,Pop,Mix,2,E Major,155,97,46,43,4,2,0,40,8,0,0,0,1,33.0,50.0,9.0,11.0,17.0,83.0,0,unknown,0
195,2017,25,Bulgaria,Kristian Kostov,beautiful_mess,English,Pop,Male,1,C Minor,126,51,41,21,8,42,0,11,4,0,0,0,0,337.0,278.0,41.0,38.0,2.0,615.0,0,unknown,0
198,2017,1,Israel,IMRI,i_feel_alive,English,Pop,Male,1,C Minor,128,92,69,43,3,2,2,5,5,5,0,0,0,5.0,34.0,3.0,8.0,23.0,39.0,0,unknown,0
199,2017,9,Italy,Francesco Gabbani,occidentali's_karma,Italian[f],Pop,Male,1,Bb Major,114,83,67,58,4,4,0,11,8,1,4,0,0,208.0,126.0,36.0,20.0,6.0,334.0,1,unknown,0
200,2017,16,Spain,Manel Navarro,do_it_for_your_lover,"Spanish, English",Pop,Male,1,G Major,170,77,66,88,4,1,0,11,5,0,0,3,1,5.0,0.0,1.0,0.0,26.0,5.0,0,unknown,0
201,2017,18,United Kingdom,Lucie Jones,never_give_up_on_you,English,Ballad,Female,1,F Major,128,37,41,25,8,40,0,32,4,0,0,0,0,12.0,99.0,4.0,21.0,15.0,111.0,0,unknown,0
202,2017,21,Germany,Levina,perfect_life,English,Pop,Female,1,Eb Major,124,70,81,52,6,38,0,13,5,0,0,0,0,3.0,3.0,1.0,1.0,25.0,6.0,0,unknown,0
203,2017,22,Ukraine,O.Torvald,time,English,Rock,Male,1,Db Minor,102,90,57,31,5,0,0,12,8,0,1,4,1,24.0,12.0,6.0,3.0,24.0,36.0,0,unknown,1
204,2017,26,France,Alma,requiem,"French, English",Pop,Female,1,-,-,-,-,-,-,-,-,-,-,0,0,0,0,90.0,45.0,24.0,12.0,12.0,135.0,0,unknown,0
208,2016,5,Hungary,Freddie,pioneer,English,Pop,Male,1,C Minor,72,59,51,28,8,0,96,11,3,0,3,1,0,56.0,52.0,16.0,12.0,19.0,108.0,0,unknown,0
209,2016,17,Croatia,Nina Kraljic,lighthouse,English,Pop,Female,1,Bb Minor,116,54,60,36,5,23,0,21,4,0,4,0,0,33.0,40.0,5.0,11.0,23.0,73.0,0,unknown,0
210,2016,3,Netherlands,Douwe Bob,slow_down,English,Pop,Male,1,B Minor,124,79,60,62,5,5,0,6,3,0,0,5,1,39.0,114.0,8.0,22.0,11.0,153.0,0,unknown,0
211,2016,26,Armenia,Iveta Mukuchyan,lovewave,English,Pop,Female,1,F Minor,120,72,53,31,8,8,0,11,5,0,0,0,0,134.0,115.0,21.0,21.0,7.0,249.0,0,unknown,0
213,2016,18,Russia,Sergey Lazarev,you_are_the_only_one,English,Pop,Male,1,B Minor,128,89,63,28,5,4,0,9,6,0,0,0,0,361.0,130.0,41.0,20.0,3.0,491.0,1,unknown,0
214,2016,2,Czech Republic,Gabriela Guncikova,i_stand,English,Pop,Female,1,G Minor,103,59,17,17,6,0,0,31,4,0,0,0,0,0.0,41.0,0.0,11.0,25.0,41.0,0,unknown,0
215,2016,14,Cyprus,Minus One,alter_ego,English,Rock,Male,1,Bb Minor,130,91,48,59,4,1,0,10,5,0,0,4,0,53.0,43.0,11.0,10.0,21.0,96.0,0,unknown,0
216,2016,24,Austria,Zoe,loin_d'ici,French,Pop,Female,1,-,-,-,-,-,-,-,-,-,-,0,0,0,0,120.0,31.0,27.0,7.0,13.0,151.0,0,unknown,0
218,2016,4,Azerbaijan,Samra,miracle,English,Pop,Female,1,F Minor,96,76,58,34,3,5,0,14,4,0,4,0,0,73.0,44.0,13.0,11.0,17.0,117.0,0,unknown,0
222,2016,22,Malta,Ira Losco,walk_on_water,English,Pop,Female,1,Eb Minor,124,81,38,18,5,0,0,13,5,1,0,0,0,16.0,137.0,3.0,23.0,12.0,153.0,0,unknown,0
223,2016,20,Latvia,Justs,heartbeat,English,Pop,Male,1,Db Major,115,55,68,52,7,3,0,9,7,0,0,0,0,63.0,69.0,13.0,14.0,15.0,132.0,0,unknown,0
224,2016,12,Poland,Michal Szpak,color_of_your_life,English,Pop,Male,1,A Minor,83,67,49,25,5,9,0,8,3,0,0,4,0,222.0,7.0,35.0,4.0,8.0,229.0,0,unknown,0
226,2016,7,Israel,Hovi Star,made_of_stars,English,Ballad,Male,1,G Minor,70,41,43,36,7,62,0,12,3,2,0,0,0,11.0,124.0,3.0,25.0,14.0,135.0,0,unknown,0
228,2016,15,Serbia,Sanja Vucic ZAA,goodbye_(shelter),English,Pop,Female,1,-,-,-,-,-,-,-,-,-,-,1,4,0,0,80.0,35.0,8.0,7.0,18.0,115.0,0,unknown,0
231,2016,16,Lithuania,Donny Montell,i've_been_waiting_for_this_night,English,Ballad,Male,1,A Major,134,77,48,61,6,0,0,31,4,0,0,0,0,96.0,104.0,17.0,22.0,9.0,200.0,0,unknown,0
232,2016,13,Australia,Dami Im,sound_of_silence,English,Pop,Female,1,E Minor,136,82,52,32,4,34,0,10,7,0,0,0,0,191.0,320.0,37.0,38.0,2.0,511.0,0,unknown,0
234,2016,8,Bulgaria,Poli Genova,if_love_was_a_crime,"English, Bulgarian",Dance,Female,1,C Major,110,83,61,52,5,2,0,22,3,0,0,0,0,180.0,127.0,34.0,23.0,4.0,307.0,0,unknown,0
236,2016,21,Ukraine,Jamala,1944,"English, Crimean Tatar",Pop,Female,1,Eb Major,120,51,81,47,5,60,1,24,6,0,0,0,0,323.0,211.0,40.0,24.0,1.0,534.0,0,unknown,0
238,2016,23,Georgia,Nika Kocharov & Young Georgian Lolitaz,midnight_gold,English,Rock,Male,1,-,-,-,-,-,-,-,-,-,-,0,0,3,1,24.0,80.0,6.0,12.0,20.0,104.0,0,unknown,0
240,2016,1,Belgium,Laura Tesoro,what's_the_pressure,English,Pop,Female,1,B Major,117,81,75,76,3,2,0,7,10,0,4,0,0,51.0,130.0,9.0,20.0,10.0,181.0,0,unknown,0
241,2016,6,Italy,Francesca Michielin,no_degree_of_separation,"Italian, English",Pop,Female,1,C Major,150,78,29,34,4,2,0,17,4,0,0,0,0,34.0,90.0,8.0,14.0,16.0,124.0,0,unknown,0
242,2016,9,Sweden,Frans,if_i_were_sorry,English,Pop,Male,1,A Minor,120,85,73,12,5,16,1,10,5,0,0,0,0,139.0,122.0,29.0,17.0,5.0,261.0,0,unknown,1
243,2016,10,Germany,Jamie-Lee,ghost,English,Pop,Female,1,Bb Minor,170,60,47,21,7,33,0,7,4,0,0,0,0,10.0,1.0,2.0,1.0,26.0,11.0,0,unknown,0
244,2016,11,France,Amir,j'ai_cherche,"French, English",Pop,Male,1,-,-,-,-,-,-,-,-,-,-,0,0,0,0,109.0,148.0,26.0,26.0,6.0,257.0,0,unknown,0
245,2016,19,Spain,Barei,say_yay!,English,Pop,Female,1,F Minor,125,79,63,53,6,2,0,10,3,0,4,0,0,10.0,67.0,5.0,15.0,22.0,77.0,0,unknown,0
246,2016,25,United Kingdom,Joe and Jake,you're_not_alone,English,Pop,Male,2,E Major,128,87,53,34,5,0,0,17,5,0,0,2,1,8.0,54.0,3.0,10.0,24.0,62.0,0,unknown,0
248,2015,6,Armenia,Genealogy,face_the_shadow,English,Pop,Mix,6,-,-,-,-,-,-,-,-,-,-,0,0,0,0,15.0,77.0,11.0,4.0,16.0,92.0,0,unknown,0
249,2015,13,Belgium,Loic Nottet,rhythm_inside,English,Pop,Male,1,G Major,90,51,82,31,5,8,0,7,4,0,5,0,0,186.0,190.0,37.0,31.0,4.0,376.0,0,unknown,0
252,2015,15,Greece,Maria Elena Kyriakou,one_last_breath,English,Ballad,Female,1,D Minor,69,60,22,31,7,18,0,41,4,0,0,1,0,29.0,24.0,4.0,5.0,19.0,53.0,0,unknown,0
253,2015,4,Estonia,Elina Born & Stig Rasta,goodbye_to_yesterday,English,Pop,Mix,2,G Minor,138,83,63,70,5,38,0,39,5,0,0,0,1,53.0,144.0,32.0,16.0,7.0,197.0,0,unknown,0
255,2015,8,Serbia,Bojana Stamenov,beauty_never_lies,English,Pop,Female,1,-,-,-,-,-,-,-,-,-,-,0,4,0,0,12.0,86.0,16.0,4.0,10.0,98.0,0,unknown,0
256,2015,22,Hungary,Boggie,wars_for_nothing,English,Pop,Female,1,D Major,97,15,45,22,12,83,0,16,3,0,4,0,0,29.0,17.0,4.0,8.0,20.0,46.0,0,unknown,0
258,2015,25,Russia,Polina Gagarina,a_million_voices,English,Pop,Female,1,G Major,76,66,43,32,4,18,0,17,3,0,2,3,0,234.0,286.0,38.0,32.0,2.0,520.0,0,unknown,0
260,2015,26,Albania,Elhaida Dani,i'm_alive,English,Pop,Female,1,-,-,-,-,-,-,-,-,-,-,0,3,0,0,4.0,93.0,12.0,2.0,17.0,97.0,0,unknown,0
261,2015,20,Romania,Voltaj,de_la_capat,"Romanian, English",Pop,Male,1,E Major,98,56,57,16,6,49,0,13,3,0,0,4,0,21.0,69.0,12.0,4.0,15.0,90.0,0,unknown,0
262,2015,23,Georgia,Nina Sublatti,warrior,English,Pop,Female,1,F Minor,141,91,46,39,4,1,0,22,10,0,0,0,0,62.0,51.0,12.0,13.0,11.0,113.0,0,unknown,0
263,2015,7,Lithuania,Monika Linkyte & Vaidas Baumila,this_time,English,Pop,Mix,2,Ab Major,131,87,56,32,6,0,0,11,6,0,4,0,0,31.0,44.0,6.0,9.0,18.0,75.0,0,unknown,0
266,2015,16,Montenegro,Knez,adio,Montenegrin,Traditional,Male,1,Fs Minor,95,56,34,29,8,63,0,6,3,0,5,0,0,44.0,34.0,5.0,9.0,13.0,78.0,0,unknown,0
268,2015,9,Norway,Morland & Debrah Scarlett,a_monster_like_me,English,Ballad,Mix,2,Db Minor,147,31,31,17,8,46,0,10,3,0,0,0,0,163.0,37.0,10.0,24.0,8.0,200.0,0,unknown,0
271,2015,3,Israel,Nadav Guedj,golden_boy,English,Pop,Male,1,Db Minor,115,83,72,70,5,18,0,7,6,3,2,0,0,77.0,102.0,31.0,17.0,9.0,179.0,0,unknown,0
272,2015,19,Latvia,Aminata,love_injected,English,Pop,Female,1,G Minor,144,29,45,16,10,12,2,12,5,0,3,0,0,249.0,88.0,22.0,35.0,6.0,337.0,0,unknown,0
273,2015,24,Azerbaijan,Elnur Huseynov,hour_of_the_wolf,English,Ballad,Male,1,D Major,106,67,48,19,5,6,0,31,4,2,0,0,0,40.0,48.0,8.0,8.0,12.0,88.0,0,unknown,0
275,2015,10,Sweden,Mans Zelmerlow,heroes,English,Pop,Male,1,G Major,124,79,48,37,4,7,0,5,4,0,0,0,0,353.0,272.0,38.0,37.0,1.0,625.0,1,unknown,0
277,2015,11,Cyprus,John Karayiannis,one_thing_i_should_have_done,English,Ballad,Male,1,Eb Major,90,38,35,46,8,55,0,37,3,0,0,0,0,63.0,8.0,1.0,15.0,22.0,71.0,0,unknown,0
278,2015,1,Slovenia,Maraaya,here_for_you,English,Pop,Female,1,E Minor,158,76,29,54,5,1,0,38,17,1,0,1,0,36.0,27.0,6.0,10.0,14.0,63.0,0,unknown,0
279,2015,18,Poland,Monika Kuszynska,in_the_name_of_love,English,Ballad,Female,1,Db Major,82,64,34,13,7,15,0,18,4,0,3,1,0,2.0,47.0,10.0,1.0,23.0,49.0,0,unknown,0
280,2015,2,France,Lisa Angell,n'oubliez_pas,French,Ballad,Female,1,A Minor,126,51,54,21,6,75,0,10,3,0,0,4,0,24.0,3.0,1.0,8.0,25.0,27.0,0,unknown,0
281,2015,5,United Kingdom,Electro Velvet,still_in_love_with_you,English,Pop,Mix,2,C Major,117,81,75,74,4,3,0,8,6,0,4,0,0,12.0,4.0,2.0,6.0,24.0,16.0,0,unknown,0
282,2015,14,Austria,The Makemakes,i_am_yours,English,Ballad,Male,1,Db Major,83,50,52,25,6,31,0,10,3,0,0,2,1,40.0,0.0,0.0,12.0,26.0,40.0,0,unknown,1
283,2015,17,Germany,Ann Sophie,black_smoke,English,Pop,Female,1,Db Major,172,86,61,81,4,0,0,15,9,0,4,0,0,24.0,5.0,2.0,7.0,27.0,29.0,0,unknown,0
284,2015,21,Spain,Edurne,amanecer,Spanish,Ballad,Female,1,Eb Minor,127,70,45,11,4,14,0,10,3,1,0,0,0,6.0,26.0,8.0,3.0,21.0,32.0,0,unknown,0
285,2015,27,Italy,Il Volo,grande_amore,Italian,Ballad,Male,3,Db Major,142,60,46,15,6,6,0,15,3,0,0,0,0,171.0,356.0,38.0,27.0,3.0,527.0,0,unknown,0
286,2014,7,Armenia,Aram MP3,not_alone,English,Ballad,Male,1,C Minor,70,63,45,20,7,28,95,20,3,0,0,0,0,113.0,187.0,26.0,19.0,4.0,300.0,1,unknown,0
289,2014,13,Sweden,Sanna Nielsen,undo,English,Ballad,Female,1,Fs Major,122,49,58,26,4,40,0,8,4,0,0,0,0,199.0,173.0,32.0,25.0,3.0,372.0,0,unknown,0
290,2014,4,Iceland,Pollaponk,no_prejudice,English,Rock,Male,3,G Major,108,93,71,76,5,11,0,26,9,0,2,1,1,59.0,38.0,9.0,9.0,15.0,97.0,0,unknown,0
292,2014,15,Russia,Tolmachevy Sisters,shine,English,Pop,Female,2,E Minor,120,87,63,71,5,22,0,10,3,0,0,0,0,62.0,132.0,18.0,11.0,7.0,194.0,0,unknown,0
293,2014,3,Azerbaijan,Dilara Kazimova,start_a_fire,English,Ballad,Female,1,B Minor,85,32,30,31,7,83,0,18,3,1,0,0,0,101.0,14.0,3.0,22.0,22.0,115.0,0,unknown,0
294,2014,1,Ukraine,Mariya Yaremchuk,tick-tock,English,Pop,Female,1,Fs Minor,125,90,70,73,4,1,0,6,4,1,0,0,0,72.0,112.0,19.0,14.0,6.0,184.0,0,unknown,0
297,2014,25,San Marino,Valentina Monetta,maybe,English,Ballad,Female,2,-,-,-,-,-,-,-,-,-,-,0,0,1,0,16.0,15.0,7.0,3.0,24.0,31.0,0,unknown,0
299,2014,24,Netherlands,The Common Linnets,calm_after_the_storm,English,Traditional,Mix,2,Fs Major,116,37,71,43,11,52,23,11,3,0,0,3,1,,,,,2.0,0.0,0,unknown,0
300,2014,8,Montenegro,Sergej cetkovic,moj_svijet,Montenegrin,Ballad,Male,1,C Minor,53,58,19,23,5,32,0,11,4,1,3,0,0,48.0,27.0,3.0,9.0,19.0,75.0,0,unknown,0
301,2014,21,Hungary,Andras Kallay-Saunders,running,English,Pop,Male,1,-,-,-,-,-,-,-,-,-,-,2,0,0,0,138.0,83.0,21.0,21.0,5.0,221.0,0,unknown,0
302,2014,22,Malta,Firelight,coming_home,English,Traditional,Mix,2,-,-,-,-,-,-,-,-,-,-,0,0,4,1,119.0,12.0,4.0,22.0,23.0,131.0,0,unknown,0
304,2014,5,Norway,Carl Espen,silent_storm,English,Ballad,Male,1,A Major,75,20,35,24,11,86,0,10,4,0,0,1,0,102.0,39.0,13.0,18.0,8.0,141.0,0,unknown,0
306,2014,9,Poland,Donatan & Cleo,my_slowianie__we_are_slavic,"Polish, English",Traditional,Female,1,G Major,156,85,68,68,5,26,0,38,10,5,0,0,0,23.0,162.0,23.0,6.0,14.0,185.0,0,unknown,0
307,2014,11,Austria,Conchita Wurst,rise_like_a_phoenix,English,Ballad,Male,1,D Minor,82,45,43,21,9,8,0,13,3,0,0,0,0,214.0,306.0,34.0,26.0,1.0,520.0,0,unknown,0
309,2014,18,Finland,Softengine,something_better,English,Rock,Male,1,C Major,146,88,56,37,6,0,0,25,6,0,0,4,1,114.0,36.0,7.0,19.0,11.0,150.0,0,unknown,0
311,2014,2,Belarus,Teo,cheesecake,English,Pop,Male,1,Db Minor,95,80,80,89,4,18,0,7,7,0,4,0,0,50.0,56.0,10.0,9.0,16.0,106.0,0,unknown,0
313,2014,20,Switzerland,Sebalter,hunter_of_stars,English,Pop,Male,1,E Minor,88,89,57,92,4,14,0,10,7,0,0,5,1,26.0,114.0,29.0,5.0,13.0,140.0,0,unknown,0
314,2014,10,Greece,Freaky Fortune feat. RiskyKidd,rise_up,English,Dance,Male,2,C Minor,128,82,67,65,6,4,0,39,6,0,0,1,0,45.0,41.0,11.0,11.0,20.0,86.0,0,unknown,0
315,2014,17,Slovenia,Tinkara Kovac,round_and_round,"English, Slovene",Pop,Female,1,Ab Major,120,63,54,25,6,2,0,22,3,0,3,0,1,21.0,15.0,2.0,7.0,25.0,36.0,0,unknown,0
316,2014,6,Romania,Paula Seling & Ovi,miracle,English,Dance,Mix,2,A Major,135,87,55,35,4,2,0,18,4,0,0,0,0,51.0,103.0,16.0,9.0,12.0,154.0,0,unknown,0
317,2014,12,Germany,Elaiza,is_it_right,English,Traditional,Female,1,-,-,-,-,-,-,-,-,-,-,0,0,2,0,56.0,27.0,6.0,12.0,18.0,83.0,0,unknown,0
318,2014,14,France,TWIN TWIN,moustache,French,Dance,Male,1,Eb Minor,128,89,66,79,5,0,0,9,4,2,1,2,0,5.0,1.0,1.0,2.0,26.0,6.0,0,unknown,0
319,2014,16,Italy,Emma,la_mia_citta,Italian,Rock,Female,1,-,-,-,-,-,-,-,-,-,-,0,0,4,0,37.0,22.0,4.0,5.0,21.0,59.0,0,unknown,0
320,2014,19,Spain,Ruth Lorenzo,dancing_in_the_rain,"English, Spanish",Ballad,Female,1,C Major,130,67,60,42,7,68,0,10,4,0,0,0,0,83.0,29.0,7.0,21.0,10.0,112.0,0,unknown,0
321,2014,23,Denmark,Basim,cliche_love_song,English,Pop,Male,1,Ab Major,112,84,78,71,4,5,0,5,6,2,3,0,0,85.0,42.0,12.0,16.0,9.0,127.0,0,unknown,1
322,2014,26,United Kingdom,Molly,children_of_the_universe,English,Pop,Female,1,-,-,-,-,-,-,-,-,-,-,0,4,1,0,49.0,24.0,5.0,12.0,17.0,73.0,0,unknown,0
324,2013,7,Estonia,Birgit,et_uus_saaks_alguse,Estonian,Ballad,Female,1,F Major,78,59,47,32,5,77,0,7,3,0,3,0,0,,,,,20.0,0.0,0,unknown,0
327,2013,18,Denmark,Emmelie de Forest,only_teardrops,English,Pop,Female,1,C Major,128,86,62,23,10,0,89,36,3,0,3,2,0,,,,,1.0,0.0,1,unknown,0
328,2013,10,Russia,Dina Garipova,what_if,English,Ballad,Female,1,-,-,-,-,-,-,-,-,-,-,0,4,0,0,,,,,5.0,0.0,0,unknown,0
329,2013,22,Ukraine,Zlata Ognevich,gravity,English,Pop,Female,1,C Major,176,78,32,46,4,52,0,29,8,1,4,0,0,,,,,3.0,0.0,0,unknown,0
330,2013,13,Netherlands,Anouk,birds,English,Ballad,Female,1,B Major,85,41,17,9,8,61,0,11,3,0,3,0,0,,,,,9.0,0.0,0,unknown,0
332,2013,2,Lithuania,Andrius Pojavis,something,English,Dance,Male,1,F Major,130,74,53,52,5,3,0,10,3,0,4,0,0,,,,,22.0,0.0,0,unknown,0
333,2013,8,Belarus,Alyona Lanskaya,solayoh,English,Dance,Female,1,B Minor,95,91,81,60,5,2,0,28,5,2,3,0,0,,,,,16.0,0.0,0,unknown,0
334,2013,3,Moldova,Aliona Moon,o_mie,Romanian,Ballad,Female,1,D Minor,128,72,62,31,3,56,0,18,3,3,0,1,0,,,,,11.0,0.0,0,unknown,0
335,2013,26,Ireland,Ryan Dolan,only_love_survives,English,Pop,Male,1,C Minor,128,83,54,35,5,0,0,19,7,0,2,3,0,,,,,26.0,0.0,0,unknown,0
337,2013,6,Belgium,Roberto Bellarosa,love_kills,English,Pop,Male,1,Fs Major,132,68,46,35,7,1,0,17,3,2,3,0,0,,,,,12.0,0.0,0,unknown,0
342,2013,20,Azerbaijan,Farid Mammadov,hold_me,English,Ballad,Male,1,Bb Minor,90,78,51,36,4,1,0,18,3,2,0,0,0,,,,,2.0,0.0,0,unknown,0
343,2013,4,Finland,Krista Siegfrids,marry_me,English,Pop,Female,1,Fs Minor,145,74,80,84,8,0,0,7,14,3,2,0,0,,,,,24.0,0.0,0,unknown,0
344,2013,9,Malta,Gianluca,tomorrow,English,Pop,Male,1,A Major,100,64,72,83,7,73,0,9,3,0,3,0,0,,,,,8.0,0.0,0,unknown,0
346,2013,19,Iceland,Eythor Ingi,eg_a_lif,Icelandic,Traditional,Male,1,A Major,75,34,49,39,9,50,0,12,3,0,0,0,0,,,,,17.0,0.0,0,unknown,0
347,2013,21,Greece,Koza Mostra feat. Agathon Iakovidis,alcohol_is_free,Greek1,Traditional,Male,4,D Minor,172,94,57,73,4,1,0,3,4,0,0,2,1,,,,,6.0,0.0,0,unknown,0
349,2013,12,Armenia,Dorians,lonely_planet,English,Rock,Male,1,-,-,-,-,-,-,-,-,-,-,0,0,4,0,,,,,18.0,0.0,0,unknown,0
350,2013,17,Hungary,ByeAlex,kedvesem_(zoohacker_remix),Hungarian,Pop,Male,1,C Major,82,21,66,44,10,77,0,11,4,0,1,1,0,,,,,10.0,0.0,0,unknown,0
351,2013,24,Norway,Margaret Berger,i_feed_you_my_love,English,Dance,Female,1,B Minor,96,95,34,40,4,0,0,24,42,0,3,1,0,,,,,4.0,0.0,0,unknown,0
353,2013,25,Georgia,Nodi Tatishvili & Sophie Gelovani,waterfall,English,Ballad,Mix,2,F Major,138,32,34,19,9,69,0,17,3,0,3,0,0,,,,,15.0,0.0,0,unknown,0
355,2013,14,Romania,Cezar,it's_my_life,English,Dance,Male,1,B Minor,135,91,50,54,5,20,0,13,9,3,0,0,0,,,,,13.0,0.0,0,unknown,0
356,2013,1,France,Amandine Bourgeois,l'enfer_et_moi,French,Rock,Female,1,Db Minor,90,62,55,34,5,1,0,33,3,0,3,0,0,,,,,23.0,0.0,0,unknown,0
357,2013,5,Spain,ESDM,contigo_hasta_el_final,Spanish,Rock,Female,1,-,-,-,-,-,-,-,-,-,-,0,0,5,0,,,,,25.0,0.0,0,unknown,0
358,2013,11,Germany,Cascada,glorious,English,Dance,Female,1,-,-,-,-,-,-,-,-,-,-,2,0,0,0,,,,,21.0,0.0,0,unknown,0
359,2013,15,United Kingdom,Bonnie Tyler,believe_in_me,English,Rock,Female,1,Ab Major,129,64,60,21,6,33,0,9,3,0,0,5,0,,,,,19.0,0.0,0,unknown,0
360,2013,16,Sweden,Robin Stjernberg,you,English,Dance,Male,1,-,-,-,-,-,-,-,-,-,-,3,2,0,0,,,,,14.0,0.0,0,unknown,1
361,2013,23,Italy,Marco Mengoni,l'essenziale,Italian,Ballad,Male,1,Fs Major,126,63,56,15,4,20,0,11,4,0,0,0,0,,,,,7.0,0.0,0,unknown,0
363,2012,7,Iceland,Greta Salome and Jonsi,never_forget,English,Ballad,Mix,2,C Minor,101,73,34,48,4,14,0,5,3,0,4,0,1,39.0,53.0,,,20.0,92.0,0,unknown,0
364,2012,16,Greece,Eleftheria Eleftheriou,aphrodisiac,English,Dance,Female,1,B Minor,110,86,63,87,5,0,0,30,3,4,1,0,0,89.0,60.0,,,17.0,149.0,0,unknown,0
366,2012,3,Albania,Rona Nishliu,suus3,Albanian,Ballad,Female,1,Bb Minor,74,33,28,9,5,80,0,11,3,0,0,0,0,106.0,157.0,,,5.0,263.0,0,unknown,0
367,2012,14,Romania,Mandinga,zaleilah,"Spanish, English",Dance,Female,1,D Minor,127,82,70,79,6,5,1,34,5,0,0,5,0,117.0,53.0,,,12.0,170.0,0,unknown,0
373,2012,8,Cyprus,Ivi Adamou,la_la_love,English,Dance,Female,1,-,-,-,-,-,-,-,-,-,-,4,1,0,0,63.0,85.0,,,16.0,148.0,0,unknown,0
374,2012,15,Denmark,Soluna Samay,should've_known_better,English,Rock,Female,1,D Major,94,48,83,75,7,56,0,35,5,0,1,4,0,18.0,51.0,,,23.0,69.0,0,unknown,0
375,2012,6,Russia,Buranovskiye Babushki,party_for_everybody,"Udmurt, English",Dance,Female,6,C Minor,126,85,65,62,5,19,0,35,13,0,0,0,0,332.0,94.0,,,2.0,426.0,0,unknown,0
376,2012,2,Hungary,Compact Disco,sound_of_our_hearts,English,Pop,Male,1,B Minor,80,82,41,25,4,1,0,18,4,0,1,4,0,20.0,30.0,,,24.0,50.0,0,unknown,0
378,2012,26,Moldova,Pasha Parfeny,lautar,English6,Pop,Male,1,G Minor,107,86,66,60,4,11,0,21,6,3,2,0,0,75.0,104.0,,,11.0,179.0,0,unknown,0
379,2012,23,Ireland,Jedward,waterline,English,Dance,Male,2,Bb Major,144,73,66,86,6,0,0,7,4,0,4,0,0,89.0,14.0,,,19.0,103.0,0,unknown,0
380,2012,24,Serbia,zeljko Joksimovic,nije_ljubav_stvar ,Serbian,Ballad,Male,1,-,-,-,-,-,-,-,-,-,-,0,0,5,0,211.0,173.0,,,3.0,384.0,0,unknown,0
381,2012,22,North Macedonia,Kaliopi,crno_i_belo,Macedonian,Rock,Female,1,D Minor,130,52,73,21,10,36,0,8,33,0,0,5,0,,,,,13.0,0.0,0,unknown,0
383,2012,21,Malta,Kurt Calleja,this_is_the_night,English,Dance,Male,1,C Major,122,87,65,64,4,0,0,7,4,1,0,4,0,10.0,70.0,,,21.0,80.0,0,unknown,0
386,2012,25,Ukraine,Gaitana,be_my_guest,English,Dance,Female,1,-,-,-,-,-,-,-,-,-,-,0,0,4,0,37.0,125.0,,,15.0,162.0,0,unknown,0
390,2012,17,Sweden,Loreen,euphoria,English,Dance,Female,1,B Minor,132,78,56,39,5,14,0,28,4,1,0,0,0,343.0,296.0,,,1.0,639.0,1,unknown,0
392,2012,18,Turkey,Can Bonomo,love_me_back,English,Traditional,Male,1,E Major,102,96,70,64,5,18,0,73,7,5,0,0,0,176.0,50.0,,,7.0,226.0,0,unknown,0
393,2012,11,Estonia,Ott Lepland,kuula,Estonian,Ballad,Male,1,F Major,129,31,37,14,8,45,0,9,3,0,1,0,0,78.0,152.0,,,6.0,230.0,0,unknown,0
395,2012,12,Norway,Tooji,stay,English,Dance,Male,1,F Minor,127,90,61,59,3,0,0,8,11,4,1,0,0,16.0,24.0,,,26.0,40.0,0,unknown,0
396,2012,5,Bosnia and Herzegovina,Maya Sar,korake_ti_znam,Bosnian,Ballad,Female,1,A Major,122,35,38,44,8,71,0,24,3,0,0,0,1,,,,,18.0,0.0,0,unknown,0
397,2012,4,Lithuania,Donny Montell,love_is_blind,English,Ballad,Male,1,Eb Minor,124,31,76,8,10,32,77,11,6,0,0,0,0,68.0,82.0,,,14.0,150.0,0,unknown,0
398,2012,1,United Kingdom,Engelbert Humperdinck,love_will_set_you_free,English,Ballad,Male,1,D Minor,120,32,46,24,8,86,0,14,3,2,0,1,0,36.0,11.0,,,25.0,47.0,0,unknown,0
399,2012,9,France,Anggun,echo_(you_and_i),"French, English",Pop,Female,1,Bb Major,137,79,58,70,5,0,0,10,3,3,2,0,0,0.0,85.0,,,22.0,85.0,0,unknown,0
400,2012,10,Italy,Nina Zilli,l'amore_e_femmina_(out_of_love),"English, Italian",Pop,Female,1,-,-,-,-,-,-,-,-,-,-,0,3,0,0,56.0,157.0,,,9.0,213.0,0,unknown,0
401,2012,13,Azerbaijan,Sabina Babayeva,when_the_music_dies,English,Ballad,Female,1,Db Minor,92,9,22,30,4,61,0,43,3,3,1,0,0,151.0,118.0,,,4.0,269.0,0,unknown,1
402,2012,19,Spain,Pastora Soler,quedate_conmigo_(stay_with_me),Spanish,Ballad,Female,1,Ab Major,84,66,49,20,5,36,0,52,3,0,5,0,0,45.0,154.0,,,10.0,199.0,0,unknown,0
403,2012,20,Germany,Roman Lob,standing_still,English,Pop,Male,1,Bb Major,108,87,59,4,8,6,79,11,4,0,0,4,1,125.0,98.0,,,8.0,223.0,0,unknown,0
409,2011,24,Serbia,Nina,caroban,Serbian,Pop,Female,1,-,-,-,-,-,-,-,-,-,-,0,3,0,0,89.0,111.0,,,14.0,200.0,0,unknown,0
410,2011,10,Russia,Alexey Vorobyov,get_you,"English, Russian",Pop,Male,1,-,-,-,-,-,-,-,-,-,-,3,0,0,0,138.0,25.0,,,16.0,163.0,0,unknown,0
411,2011,13,Switzerland,Anna Rossinelli,in_love_for_a_while,English,Pop,Female,1,A Major,128,40,76,65,6,25,0,10,4,0,0,2,0,2.0,53.0,,,25.0,55.0,0,unknown,0
412,2011,25,Georgia,Eldrine,one_more_day,English,Rock,Female,1,Ab Minor,116,86,63,40,5,0,0,25,4,0,0,5,0,138.0,79.0,,,9.0,217.0,0,unknown,0
413,2011,1,Finland,Paradise Oskar,da_da_dam,English,Pop,Male,1,D Major,73,51,53,18,8,17,0,9,3,0,0,0,1,47.0,75.0,,,21.0,122.0,0,unknown,0
417,2011,21,Iceland,Sjonni's Friends,coming_home,English,Pop,Male,6,D Major,92,72,63,81,6,33,0,18,4,0,0,0,1,60.0,72.0,,,20.0,132.0,0,unknown,0
418,2011,5,Hungary,Kati Wolf,what_about_my_dreams?,"English, Hungarian",Dance,Female,1,-,-,-,-,-,-,-,-,-,-,3,2,0,0,64.0,60.0,,,22.0,124.0,0,unknown,0
420,2011,4,Lithuania,Evelina Sasenko,c'est_ma_vie,English,Ballad,Female,1,E Major,163,28,25,9,9,51,0,17,3,0,0,0,1,55.0,66.0,,,19.0,121.0,0,unknown,0
421,2011,19,Azerbaijan,Ell & Nikki,running_scared,English,Ballad,Mix,2,C Major,172,70,32,24,4,2,0,36,3,0,4,0,0,223.0,182.0,,,1.0,405.0,0,unknown,0
422,2011,9,Greece,Loukas Giorkas feat. Stereo Mike,watch_my_dance,"English, Greek",Pop,Male,2,-,-,-,-,-,-,-,-,-,-,3,1,0,0,176.0,84.0,,,7.0,260.0,0,unknown,0
423,2011,2,Bosnia and Herzegovina,Dino Merlin,love_in_rewind,English,Pop,Male,1,Fs Minor,84,65,53,39,8,45,0,4,3,0,0,5,0,,,,,6.0,0.0,0,unknown,0
424,2011,18,Austria,Nadine Beiler,the_secret_is_love,English,Ballad,Female,1,G Major,123,47,51,10,5,21,0,10,4,0,5,0,0,25.0,145.0,,,18.0,170.0,0,unknown,0
428,2011,23,Ukraine,Mika Newton,angel,English,Ballad,Female,1,F Minor,162,54,44,22,9,14,0,20,3,1,1,0,0,168.0,117.0,,,4.0,285.0,0,unknown,0
429,2011,15,Moldova,Zdob si Zdub,so_lucky,English,Rock,Male,1,E Minor,148,89,74,81,4,1,0,10,6,1,0,4,0,98.0,82.0,,,12.0,180.0,0,unknown,0
430,2011,7,Sweden,Eric Saade,popular,English,Dance,Male,1,A Major,125,96,54,49,5,0,0,5,10,3,2,0,0,221.0,106.0,,,3.0,327.0,0,unknown,0
435,2011,20,Slovenia,Maja Keuc,no_one,English,Ballad,Female,1,F Minor,88,81,28,31,3,8,0,11,4,0,4,0,0,39.0,160.0,,,13.0,199.0,0,unknown,0
436,2011,17,Romania,Hotel FM,change,English,Pop,Male,1,-,-,-,-,-,-,-,-,-,-,0,0,4,0,79.0,86.0,,,17.0,165.0,0,unknown,0
437,2011,8,Estonia,Getter Jaani,rockefeller_street,English,Pop,Female,1,Eb Minor,130,89,81,75,4,12,0,10,5,3,2,0,0,32.0,74.0,,,24.0,106.0,0,unknown,0
440,2011,3,Denmark,A Friend in London,new_tomorrow,English,Rock,Male,1,G Major,147,67,50,41,6,16,0,10,3,0,2,3,1,61.0,168.0,,,5.0,229.0,0,unknown,0
441,2011,6,Ireland,Jedward,lipstick,English,Pop,Male,2,F Minor,138,48,73,15,10,0,89,36,5,0,4,0,0,101.0,119.0,,,8.0,220.0,0,unknown,0
442,2011,11,France,Amaury Vassili,sognu,Corsican,Ballad,Male,1,Bb Minor,128,77,29,23,4,80,20,15,5,0,0,0,0,76.0,90.0,,,15.0,166.0,1,unknown,0
443,2011,12,Italy,Raphael Gualazzi,madness_of_love,"Italian, English",Ballad,Male,1,C Major,144,41,53,37,7,72,0,22,4,0,0,5,1,99.0,251.0,,,2.0,350.0,0,unknown,0
444,2011,14,United Kingdom,Blue,i_can,English,Pop,Male,4,-,-,-,-,-,-,-,-,-,-,0,2,0,0,166.0,57.0,,,11.0,223.0,0,unknown,0
445,2011,16,Germany,Lena,taken_by_a_stranger,English,Pop,Female,1,F Minor,160,38,75,37,12,5,81,11,8,3,2,0,0,113.0,104.0,,,10.0,217.0,0,unknown,1
446,2011,22,Spain,Lucia Perez,que_me_quiten_lo_bailao,Spanish,Pop,Female,1,D Major,99,86,68,86,3,27,0,6,8,0,5,0,0,73.0,38.0,,,23.0,111.0,0,unknown,0
447,2010,4,Moldova,SunStroke Project and Olia Tira,run_away,English,Pop,Mix,2,Eb Minor,130,93,66,36,3,1,0,18,8,3,0,1,1,28.0,33.0,,,22.0,61.0,0,unknown,0
448,2010,20,Russia,Peter Nalitch and Friends,lost_and_forgotten,English,Ballad,Male,1,C Major,98,47,36,21,4,16,0,10,3,0,0,5,0,107.0,63.0,,,11.0,170.0,0,unknown,0
453,2010,8,Serbia,Milan Stankovic,ovo_je_balkan,Serbian,Pop,Male,1,-,-,-,-,-,-,-,-,-,-,2,2,0,0,110.0,37.0,,,13.0,147.0,0,unknown,0
454,2010,6,Bosnia and Herzegovina,Vukasin Brajic,thunder_and_lightning,English,Rock,Male,1,-,-,-,-,-,-,-,-,-,-,0,5,0,1,,,,,17.0,0.0,0,unknown,0
456,2010,7,Belgium,Tom Dice,me_and_my_guitar,English,Pop,Male,1,A Major,129,34,47,42,8,62,0,14,3,0,0,0,1,76.0,185.0,,,6.0,261.0,0,unknown,0
458,2010,15,Albania,Juliana Pasha,it's_all_about_you,English,Pop,Female,1,-,-,-,-,-,-,-,-,-,-,0,3,1,0,35.0,97.0,,,16.0,132.0,0,unknown,0
459,2010,11,Greece,Giorgos Alkaios and Friends,opa,Greek1,Pop,Male,1,C Major,135,94,73,74,4,0,1,7,4,0,4,0,0,152.0,110.0,,,8.0,262.0,0,unknown,0
460,2010,23,Portugal,Filipa Azevedo,ha_dias_assim,Portuguese,Ballad,Female,1,-,-,-,-,-,-,-,-,-,-,0,3,1,0,24.0,69.0,,,18.0,93.0,0,unknown,0
462,2010,9,Belarus,3+2 feat Robert Wells,butterflies,English,Ballad,Mix,5,-,-,-,-,-,-,-,-,-,-,0,0,1,0,18.0,22.0,,,24.0,40.0,0,unknown,0
463,2010,16,Iceland,Hera Bjork,je_ne_sais_quoi,English,Dance,Female,1,Eb Minor,132,88,53,28,4,3,0,17,7,0,5,0,0,40.0,57.0,,,19.0,97.0,0,unknown,0
465,2010,21,Armenia,Eva Rivas,apricot_stone,English,Pop,Female,1,B Minor,101,67,61,38,9,25,0,16,10,1,3,1,0,166.0,116.0,,,7.0,282.0,0,unknown,0
466,2010,24,Israel,Harel Skaat,milim,Hebrew,Ballad,Male,1,Ab Minor,115,51,39,20,6,60,0,19,3,0,2,1,0,27.0,134.0,,,14.0,161.0,0,unknown,0
467,2010,25,Denmark,Chanee and N'evergreen,in_a_moment_like_this,English,Pop,Mix,2,Fs Major,95,77,66,39,5,28,0,10,3,0,4,0,0,174.0,121.0,,,4.0,295.0,0,unknown,0
470,2010,1,Azerbaijan,Safura,drip_drop,English,Ballad,Female,1,Fs Major,148,66,47,23,4,1,0,8,3,1,3,0,0,161.0,116.0,,,5.0,277.0,0,unknown,0
471,2010,17,Ukraine,Alyosha,sweet_people,English,Ballad,Female,1,E Minor,120,41,63,12,6,72,0,14,4,0,0,0,0,94.0,129.0,,,10.0,223.0,0,unknown,0
473,2010,19,Romania,Paula Seling and Ovi,playing_with_fire,English,Pop,Mix,2,G Major,122,82,66,96,3,2,0,6,4,0,4,0,1,155.0,167.0,,,3.0,322.0,0,unknown,0
475,2010,10,Ireland,Niamh Kavanagh,it's_for_you,English,Ballad,Female,1,C Major,130,46,40,16,5,33,0,9,3,0,4,0,0,15.0,62.0,,,23.0,77.0,0,unknown,0
477,2010,5,Cyprus,Jon Lilygreen and The Islanders,life_looks_better_in_spring,English,Pop,Male,1,-,-,-,-,-,-,-,-,-,-,0,2,3,1,16.0,57.0,,,21.0,73.0,0,unknown,0
479,2010,13,Georgia,Sofia Nizharadze,shine,English,Ballad,Female,1,D Major,126,49,46,17,7,17,0,31,3,3,2,0,0,127.0,160.0,,,9.0,287.0,0,unknown,0
480,2010,14,Turkey,maNga,we_could_be_the_same,English,Rock,Male,1,A Minor,112,68,56,41,7,1,0,14,3,0,0,4,0,177.0,119.0,,,2.0,296.0,0,unknown,0
481,2010,2,Spain,Daniel Diges,algo_pequenito,Spanish,Pop,Male,1,D Minor,88,62,37,71,5,73,0,27,8,4,1,0,0,106.0,43.0,,,15.0,149.0,0,unknown,0
482,2010,3,Norway,Didrik Solli-Tangen,my_heart_is_yours,English,Ballad,Male,1,A Major,133,24,28,22,5,83,0,13,3,0,5,0,0,18.0,61.0,,,20.0,79.0,0,unknown,1
483,2010,12,United Kingdom,Josh Dubovie,that_sounds_good_to_me,English,Pop,Male,1,G Major,124,69,55,38,11,14,87,18,4,2,3,0,0,,,,,25.0,0.0,0,unknown,0
484,2010,18,France,Jessy Matador,allez_ola_ole,French,Dance,Male,1,B Major,129,93,64,72,5,0,0,6,6,3,2,0,0,151.0,34.0,,,12.0,185.0,0,unknown,0
485,2010,22,Germany,Lena,satellite,English,Pop,Female,1,E Minor,95,94,75,87,10,0,79,10,5,0,4,0,0,243.0,187.0,,,1.0,430.0,1,unknown,0
490,2009,4,Sweden,Malena Ernman,la_voix,"French, English",Traditional,Female,1,Bb Major,128,65,52,46,4,35,0,21,4,5,0,0,0,59.0,27.0,,,21.0,86.0,0,unknown,0
491,2009,9,Armenia,Inga and Anush,jan_jan,"English, Armenian",Traditional,Female,2,E Minor,115,86,78,76,4,36,0,35,8,4,0,0,0,111.0,71.0,,,10.0,182.0,0,unknown,0
494,2009,18,Turkey,Hadise,dum_tek_tek,English,Dance,Female,1,F Major,115,97,75,87,4,13,0,8,6,2,2,0,0,203.0,114.0,,,4.0,317.0,0,unknown,0
495,2009,2,Israel,Noa and Mira Awad,there_must_be_another_way,"English, Hebrew, Arabic",Pop,Female,2,Db Major,106,79,60,69,5,23,0,10,2,0,0,3,0,15.0,107.0,,,16.0,122.0,0,unknown,0
497,2009,7,Iceland,Yohanna,is_it_true?,English,Ballad,Female,1,C Minor,84,57,47,23,7,35,0,7,3,0,3,2,0,173.0,260.0,,,2.0,433.0,0,unknown,0
499,2009,22,Romania,Elena,the_balkan_girls,English,Dance,Female,1,F Major,130,86,72,63,4,2,0,5,3,4,0,0,0,64.0,31.0,,,19.0,95.0,0,unknown,0
500,2009,24,Finland,Waldo's People,lose_control,English,Pop,Male,1,G Major,138,96,56,88,4,0,23,26,6,2,3,0,0,30.0,12.0,,,25.0,42.0,0,unknown,0
501,2009,6,Portugal,Flor-de-Lis,todas_as_ruas_do_amor,Portuguese,Traditional,Female,1,G Major,95,70,50,33,5,34,0,12,3,0,0,5,0,45.0,64.0,,,15.0,109.0,0,unknown,0
502,2009,14,Malta,Chiara,what_if_we,English,Ballad,Female,1,Db Major,123,44,48,14,7,62,0,7,3,0,0,0,0,18.0,87.0,,,22.0,105.0,0,unknown,0
503,2009,12,Bosnia and Herzegovina,Regina,bistra_voda,Bosnian,Ballad,Male,1,Fs Minor,152,78,52,38,4,44,0,11,4,0,0,5,0,124.0,90.0,,,9.0,214.0,0,unknown,0
504,2009,5,Croatia,Igor Cukrov feat. Andrea,lijepa_tena,Croatian,Ballad,Mix,2,Db Minor,116,69,58,43,4,56,0,8,3,0,4,0,0,55.0,58.0,,,18.0,113.0,0,unknown,0
509,2009,20,Norway,Alexander Rybak,fairytale,English,Traditional,Male,1,D Minor,108,79,58,67,5,62,0,23,3,3,2,0,1,378.0,312.0,,,1.0,690.0,1,unknown,0
512,2009,16,Denmark,Niels Brinck,believe_again,English,Rock,Male,1,E Minor,128,75,66,34,5,1,0,10,5,0,0,5,0,40.0,120.0,,,13.0,160.0,0,unknown,0
515,2009,11,Azerbaijan,AySel and Arash,always,English,Pop,Mix,2,-,-,-,-,-,-,-,-,-,-,3,0,0,0,253.0,112.0,,,3.0,365.0,0,unknown,0
516,2009,8,Greece,Sakis Rouvas,this_is_our_night,English,Dance,Male,1,Fs Minor,128,92,65,65,5,4,0,16,7,4,0,0,0,151.0,93.0,,,7.0,244.0,0,unknown,0
517,2009,1,Lithuania,Sasha Son,love,"English, Russian",Ballad,Male,1,-,-,-,-,-,-,-,-,-,-,0,3,1,0,38.0,31.0,,,23.0,69.0,0,unknown,0
518,2009,13,Moldova,Nelly Ciobanu,hora_din_moldova,"Romanian, English",Traditional,Female,1,-,-,-,-,-,-,-,-,-,-,4,1,0,0,66.0,93.0,,,14.0,159.0,0,unknown,0
519,2009,19,Albania,Kejsi Tola,carry_me_in_your_dreams,English,Dance,Female,1,Ab Minor,128,67,68,67,8,0,0,8,5,3,2,0,0,81.0,26.0,,,17.0,107.0,0,unknown,0
520,2009,21,Ukraine,Svetlana Loboda,be_my_valentine!_(anti-crisis_girl),English,Pop,Female,1,-,-,-,-,-,-,-,-,-,-,5,0,0,1,70.0,68.0,,,12.0,138.0,0,unknown,0
521,2009,15,Estonia,Urban Symphony,randajad,Estonian,Ballad,Female,1,F Minor,124,72,69,64,6,3,0,33,4,0,2,3,1,129.0,124.0,,,6.0,253.0,0,unknown,0
523,2009,3,France,Patricia Kaas,et_s'il_fallait_le_faire,French,Ballad,Female,1,A Major,92,58,26,23,8,55,0,90,8,0,0,0,0,54.0,164.0,,,8.0,218.0,0,unknown,0
524,2009,10,Russia,Anastasiya Prikhodko,mamo,"Russian, Ukrainian",Ballad,Female,1,D Minor,130,94,64,45,4,41,0,26,5,0,5,0,0,118.0,67.0,,,11.0,185.0,0,unknown,1
525,2009,17,Germany,Alex Swings Oscar Sings!,miss_kiss_kiss_bang,English,Pop,Male,1,Bb Minor,136,89,62,56,4,11,0,20,21,3,1,1,0,18.0,73.0,,,20.0,91.0,0,unknown,0
526,2009,23,United Kingdom,Jade Ewen,it's_my_time,English,Ballad,Female,1,E Major,105,31,30,12,14,1,79,29,3,0,0,5,0,105.0,223.0,,,5.0,328.0,0,unknown,0
527,2009,25,Spain,Soraya Arnelas,la_noche_es_para_mi,"Spanish, English",Dance,Female,1,F Minor,126,70,69,87,7,1,73,14,3,2,3,0,0,38.0,9.0,,,24.0,47.0,0,unknown,0
